{
  "closure_model": {
    "event_cause": 0.4771038932321007,
    "corridor": 0.33432271851674616,
    "priority": 0.05079264099675866,
    "hour_bucket": 0.1377807472543945
  },
  "duration_model": {
    "event_cause": 0.8844910996922003,
    "corridor": 0.07637312854855219,
    "priority": 0.0037560439405688283,
    "hour_bucket": 0.035379727818678756
  }
}