{
  "closure_model": {
    "accuracy": 0.8002481389578163,
    "roc_auc": 0.7337434638959401,
    "precision": 0.1933534743202417,
    "recall": 0.5378151260504201,
    "f1": 0.28444444444444444
  },
  "duration_model": {
    "mae": 0.7569977492178264,
    "rmse": 3.1178966616003136,
    "r2": 0.1821027536329608
  }
}